{
    "bleu1": 0.2850628531445219,
    "bleu2": 0.13762330787082025,
    "bleu3": 0.07588914964864207,
    "bleu4": 0.047923589711449235,
    "meteor_1.0": 0.20624392533703412,
    "rougeL": 0.19215453358420784,
    "bertscore": 0.870539891400695,
    "vocab_size": 2240,
    "vocab_diversity": 0.005357142857142857,
    "caption_novelty": 0.6899661781285231,
    "length_avg": 46.68193025713279,
    "length_std": 16.516237946145356
}