{
    "bleu1": 0.060667061099012445,
    "bleu2": 0.03005941141636538,
    "bleu3": 0.015809019295284884,
    "bleu4": 0.008514860162529786,
    "meteor_1.0": 0.14227608220851637,
    "rougeL": 0.1792425265450605,
    "bertscore": 0.8632530791106968,
    "vocab_size": 3760,
    "vocab_diversity": 0.676595744680851,
    "caption_novelty": 1.0,
    "length_avg": 14.738992603029235,
    "length_std": 5.095965069792798
}