{
    "bleu1": 0.26117271705669237,
    "bleu2": 0.14581492778020955,
    "bleu3": 0.08798031358608163,
    "bleu4": 0.055244440009698095,
    "meteor_1.0": 0.27575701019491655,
    "rougeL": 0.2582525579227083,
    "bertscore": 0.8988473743735673,
    "vocab_size": 4198,
    "vocab_diversity": 0.49523582658408766,
    "caption_novelty": 1.0,
    "length_avg": 28.642831983092638,
    "length_std": 10.72431163441285
}