{
    "bleu1": 0.36510942145034186,
    "bleu2": 0.18727589144877782,
    "bleu3": 0.10326170611252192,
    "bleu4": 0.058736197743437614,
    "meteor_1.0": 0.3036359471161196,
    "rougeL": 0.23399270333944794,
    "bertscore": 0.8871450734499602,
    "vocab_size": 6165,
    "vocab_diversity": 0.5995133819951338,
    "caption_novelty": 1.0,
    "length_avg": 47.92250792532582,
    "length_std": 18.6537852089569
}