{
    "bleu1": 0.29093124850986807,
    "bleu2": 0.1486508686790579,
    "bleu3": 0.08928000372127677,
    "bleu4": 0.06046496381102543,
    "meteor_1.0": 0.22386547507696472,
    "rougeL": 0.2148899248811179,
    "bertscore": 0.8777867602017111,
    "vocab_size": 1695,
    "vocab_diversity": 0.014749262536873156,
    "caption_novelty": 0.9606498194945848,
    "length_avg": 42.47234941880944,
    "length_std": 14.336758651069372
}