{
    "bleu1": 0.2540884757771786,
    "bleu2": 0.16148028792922187,
    "bleu3": 0.10003421120004473,
    "bleu4": 0.061546784488773223,
    "meteor_1.0": 0.25569874290807093,
    "rougeL": 0.2135621989851385,
    "bertscore": 0.8791676805068926,
    "vocab_size": 3507,
    "vocab_diversity": 0.46934702024522384,
    "caption_novelty": 1.0,
    "length_avg": 25.60197252553716,
    "length_std": 11.171029887814312
}