{
    "bleu1": 0.3683557393417835,
    "bleu2": 0.19845761130017955,
    "bleu3": 0.1137270541209299,
    "bleu4": 0.06735589118343131,
    "meteor_1.0": 0.31436851912375435,
    "rougeL": 0.25356447420521666,
    "bertscore": 0.8926409216740048,
    "vocab_size": 5521,
    "vocab_diversity": 0.5616736098532874,
    "caption_novelty": 1.0,
    "length_avg": 44.41317365269461,
    "length_std": 17.28541611247872
}