{
    "bleu1": 0.19774511999248645,
    "bleu2": 0.06701659207795346,
    "bleu3": 0.02165946217889739,
    "bleu4": 0.007868711032317937,
    "meteor_1.0": 0.12883275733962948,
    "rougeL": 0.1302757267270023,
    "bertscore": 0.8451152142608364,
    "vocab_size": 1686,
    "vocab_diversity": 0.4721233689205219,
    "caption_novelty": 1.0,
    "length_avg": 45.26699542092286,
    "length_std": 27.99358111821529
}