{
    "bleu1": 0.35259573816901946,
    "bleu2": 0.1816005748864551,
    "bleu3": 0.0969428399750044,
    "bleu4": 0.05409219643615377,
    "meteor_1.0": 0.3409432096711031,
    "rougeL": 0.23193842001891374,
    "bertscore": 0.8856014664763504,
    "vocab_size": 6995,
    "vocab_diversity": 0.6315939957112223,
    "caption_novelty": 1.0,
    "length_avg": 66.20535399788658,
    "length_std": 21.604332717932287
}