{
    "bleu1": 0.20253213504013723,
    "bleu2": 0.13572927922025796,
    "bleu3": 0.0864316328139647,
    "bleu4": 0.054163750879679645,
    "meteor_1.0": 0.23238998538033248,
    "rougeL": 0.19523737086556153,
    "bertscore": 0.8624120359901141,
    "vocab_size": 3506,
    "vocab_diversity": 0.46919566457501427,
    "caption_novelty": 1.0,
    "length_avg": 20.60197252553716,
    "length_std": 11.171029887814312
}